{"frames":{"New Piskel0.png":{"frame":{"x":0,"y":0,"w":3000,"h":3900},"rotated":false,"trimmed":false,"spriteSourceSize":{"x":0,"y":0,"w":3000,"h":3900},"sourceSize":{"w":3000,"h":3900}},"New Piskel1.png":{"frame":{"x":3000,"y":0,"w":3000,"h":3900},"rotated":false,"trimmed":false,"spriteSourceSize":{"x":0,"y":0,"w":3000,"h":3900},"sourceSize":{"w":3000,"h":3900}},"New Piskel2.png":{"frame":{"x":0,"y":3900,"w":3000,"h":3900},"rotated":false,"trimmed":false,"spriteSourceSize":{"x":0,"y":0,"w":3000,"h":3900},"sourceSize":{"w":3000,"h":3900}},"New Piskel3.png":{"frame":{"x":3000,"y":3900,"w":3000,"h":3900},"rotated":false,"trimmed":false,"spriteSourceSize":{"x":0,"y":0,"w":3000,"h":3900},"sourceSize":{"w":3000,"h":3900}}},"meta":{"app":"https://github.com/piskelapp/piskel/","version":"1.0","image":"New Piskel.png","format":"RGBA8888","size":{"w":6000,"h":7800}}}